{"cameraMode":{"drawMode":0,"name":"Shaded","section":"Shading Mode"},"sceneLighting":false,"audioPlay":false,"sceneViewState":{"showFog":true,"showMaterialUpdate":false,"showSkybox":false,"showFlares":true,"showImageEffects":true,"showParticleSystems":true},"in2DMode":false,"pivot":{"x":158.8828125,"y":1188.71826171875,"z":1925.544921875},"rotation":{"x":0.06228535249829292,"y":0.14558881521224976,"z":-0.00918539147824049,"w":0.9873521327972412},"size":14.230246543884278,"orthographic":true}