{"cameraMode":{"drawMode":0,"name":"Shaded","section":"Shading Mode"},"sceneLighting":false,"audioPlay":false,"sceneViewState":{"showFog":true,"showMaterialUpdate":false,"showSkybox":true,"showFlares":true,"showImageEffects":true,"showParticleSystems":true},"in2DMode":false,"pivot":{"x":-71.42976379394531,"y":1047.7506103515625,"z":1267.4813232421875},"rotation":{"x":-0.000149922285345383,"y":-0.9453974366188049,"z":-0.0005835994379594922,"w":0.3260501027107239},"size":1.8544073104858399,"orthographic":false}