{"cameraMode":{"drawMode":0,"name":"Shaded","section":"Shading Mode"},"sceneLighting":false,"audioPlay":false,"sceneViewState":{"showFog":true,"showMaterialUpdate":false,"showSkybox":false,"showFlares":true,"showImageEffects":true,"showParticleSystems":true},"in2DMode":false,"pivot":{"x":0.12463381886482239,"y":0.0,"z":-0.8365116119384766},"rotation":{"x":-0.12417005747556687,"y":0.8223249912261963,"z":-0.519446849822998,"w":-0.19648846983909608},"size":1.8870881795883179,"orthographic":true}