{"cameraMode":{"drawMode":0,"name":"Shaded","section":"Shading Mode"},"sceneLighting":false,"audioPlay":false,"sceneViewState":{"showFog":true,"showMaterialUpdate":false,"showSkybox":false,"showFlares":true,"showImageEffects":true,"showParticleSystems":true},"in2DMode":false,"pivot":{"x":142.83367919921876,"y":1193.01611328125,"z":1926.78515625},"rotation":{"x":0.06294384598731995,"y":0.021853990852832795,"z":-0.0013802991015836597,"w":0.9977890253067017},"size":11.83657169342041,"orthographic":true}