{"cameraMode":{"drawMode":0,"name":"Shaded","section":"Shading Mode"},"sceneLighting":false,"audioPlay":false,"sceneViewState":{"showFog":true,"showMaterialUpdate":false,"showSkybox":false,"showFlares":true,"showImageEffects":true,"showParticleSystems":true},"in2DMode":false,"pivot":{"x":-8.611515998840332,"y":0.922594428062439,"z":-7.246798515319824},"rotation":{"x":-0.26327481865882876,"y":-0.11919142305850983,"z":0.03270187973976135,"w":-0.9568164944648743},"size":1.004439353942871,"orthographic":false}