{"cameraMode":{"drawMode":0,"name":"Shaded","section":"Shading Mode"},"sceneLighting":true,"audioPlay":false,"sceneViewState":{"showFog":true,"showMaterialUpdate":false,"showSkybox":true,"showFlares":true,"showImageEffects":true,"showParticleSystems":true},"in2DMode":false,"pivot":{"x":-814.449462890625,"y":1336.9560546875,"z":1637.12744140625},"rotation":{"x":-0.1051005870103836,"y":0.836380660533905,"z":-0.17250345647335053,"w":-0.5095767378807068},"size":422.97723388671877,"orthographic":false}