{"cameraMode":{"drawMode":0,"name":"Shaded","section":"Shading Mode"},"sceneLighting":false,"audioPlay":false,"sceneViewState":{"showFog":true,"showMaterialUpdate":false,"showSkybox":false,"showFlares":true,"showImageEffects":true,"showParticleSystems":true},"in2DMode":false,"pivot":{"x":-8.57686996459961,"y":0.9755265712738037,"z":-7.192880153656006},"rotation":{"x":-0.3317181169986725,"y":-0.0673188641667366,"z":0.02364315278828144,"w":-0.9407228231430054},"size":1.004439353942871,"orthographic":false}