{"cameraMode":{"drawMode":0,"name":"Shaded","section":"Shading Mode"},"sceneLighting":false,"audioPlay":false,"sceneViewState":{"showFog":true,"showMaterialUpdate":false,"showSkybox":false,"showFlares":true,"showImageEffects":true,"showParticleSystems":true},"in2DMode":false,"pivot":{"x":-0.013679001480340958,"y":-0.020190998911857606,"z":0.006701946258544922},"rotation":{"x":0.13646601140499116,"y":-0.4142113924026489,"z":0.06305724382400513,"w":0.897711455821991},"size":1.4112071990966797,"orthographic":true}