{"cameraMode":{"drawMode":0,"name":"Shaded","section":"Shading Mode"},"sceneLighting":false,"audioPlay":false,"sceneViewState":{"showFog":true,"showMaterialUpdate":false,"showSkybox":true,"showFlares":true,"showImageEffects":true,"showParticleSystems":true},"in2DMode":false,"pivot":{"x":438.9951477050781,"y":124.84906005859375,"z":378.77020263671877},"rotation":{"x":-0.15185871720314027,"y":0.8452675342559815,"z":-0.398345410823822,"w":-0.3222217857837677},"size":433.5776672363281,"orthographic":false}