{"cameraMode":{"drawMode":0,"name":"Shaded","section":"Shading Mode"},"sceneLighting":true,"audioPlay":false,"sceneViewState":{"showFog":true,"showMaterialUpdate":true,"showSkybox":true,"showFlares":true,"showImageEffects":true,"showParticleSystems":true},"in2DMode":false,"pivot":{"x":-382.89581298828127,"y":1151.379638671875,"z":1764.4459228515625},"rotation":{"x":0.4044400155544281,"y":0.010974513366818428,"z":-0.0048521957360208038,"w":0.9144873023033142},"size":19.154523849487306,"orthographic":false}