{"cameraMode":{"drawMode":0,"name":"Shaded","section":"Shading Mode"},"sceneLighting":true,"audioPlay":false,"sceneViewState":{"showFog":true,"showMaterialUpdate":false,"showSkybox":true,"showFlares":true,"showImageEffects":true,"showParticleSystems":true},"in2DMode":false,"pivot":{"x":-236.35072326660157,"y":1155.847900390625,"z":1745.1304931640625},"rotation":{"x":-0.1859288364648819,"y":-0.1706250011920929,"z":0.032620735466480258,"w":-0.9671362638473511},"size":376.9476623535156,"orthographic":false}