{"cameraMode":{"drawMode":0,"name":"Shaded","section":"Shading Mode"},"sceneLighting":true,"audioPlay":false,"sceneViewState":{"showFog":true,"showMaterialUpdate":true,"showSkybox":true,"showFlares":true,"showImageEffects":true,"showParticleSystems":true},"in2DMode":false,"pivot":{"x":146.44894409179688,"y":1211.816650390625,"z":1773.6876220703125},"rotation":{"x":-0.00236173695884645,"y":-0.995669960975647,"z":-0.08924929797649384,"w":0.02655840665102005},"size":30.031143188476564,"orthographic":false}