{"cameraMode":{"drawMode":0,"name":"Shaded","section":"Shading Mode"},"sceneLighting":false,"audioPlay":false,"sceneViewState":{"showFog":true,"showMaterialUpdate":false,"showSkybox":true,"showFlares":true,"showImageEffects":true,"showParticleSystems":true},"in2DMode":false,"pivot":{"x":529.338134765625,"y":210.596435546875,"z":578.8184204101563},"rotation":{"x":-0.2631901204586029,"y":0.41825956106185915,"z":-0.1280147284269333,"w":-0.8599478602409363},"size":26.945056915283204,"orthographic":false}