{"cameraMode":{"drawMode":0,"name":"Shaded","section":"Shading Mode"},"sceneLighting":false,"audioPlay":false,"sceneViewState":{"showFog":true,"showMaterialUpdate":false,"showSkybox":true,"showFlares":true,"showImageEffects":true,"showParticleSystems":true},"in2DMode":false,"pivot":{"x":546.3323974609375,"y":649.9481811523438,"z":455.12908935546877},"rotation":{"x":-0.12128915637731552,"y":0.8691319227218628,"z":-0.4010346233844757,"w":-0.2628655731678009},"size":1.4461166858673096,"orthographic":false}